ROUGE Real Authors,Prob. Real Authors,Truth Ratio Real Authors,ROUGE Real World,Prob. Real World,Truth Ratio Real World,ROUGE Retain,Prob. Retain,Truth Ratio Retain,ROUGE Forget,Prob. Forget,Truth Ratio Forget,Model Utility,Forget Quality,Method,Submitted By
0.4056666666666666,0.3656886381326171,0.43877405558978944,0.746011396011396,0.40945723284596586,0.4806312849053952,0.9733567633125131,0.9649938970559873,0.4916123680116713,0.987061711079944,0.9671115355505318,0.48922328256995995,0.5160606620539887,1.0,ga_lora,john
